{
  "auroc_baseline": 0.96,
  "auroc_rev": 0.0,
  "auroc_combined": 1.0,
  "delta_auc": 0.040000000000000036,
  "n_samples": 210,
  "baseline_features": [
    "token_len",
    "avg_logprob",
    "perplexity",
    "cot_len"
  ],
  "feature_importances": {
    "baseline": [
      1.2207185302725934,
      0.23385797553492943,
      0.354548893971812,
      0.3890837080241029
    ],
    "combined": [
      0.5398183045705918,
      -0.23182095024988159,
      0.23651796416922308,
      0.13880859541280965,
      -1.7335150110936366
    ]
  },
  "roc_data": {
    "baseline": {
      "fpr": [
        0.0,
        0.0,
        0.0,
        0.2,
        0.2,
        0.4,
        0.4,
        0.6,
        0.6,
        1.0,
        1.0
      ],
      "tpr": [
        0.0,
        0.004878048780487805,
        0.8975609756097561,
        0.8975609756097561,
        0.9609756097560975,
        0.9609756097560975,
        0.9707317073170731,
        0.9707317073170731,
        0.9853658536585366,
        0.9853658536585366,
        1.0
      ],
      "thresholds": [
        Infinity,
        0.9996040704285148,
        0.9604496965570144,
        0.9597030658610891,
        0.940600998073467,
        0.9388724433260788,
        0.9296683901864938,
        0.9292284545520237,
        0.8637683865954321,
        0.8286058536685786,
        0.36765200109740065
      ]
    },
    "rev": {
      "fpr": [
        0.0,
        0.2,
        1.0,
        1.0
      ],
      "tpr": [
        0.0,
        0.0,
        0.0,
        1.0
      ],
      "thresholds": [
        Infinity,
        2.2736206426711347,
        1.3337899650425895,
        -0.78841175524779
      ]
    },
    "combined": {
      "fpr": [
        0.0,
        0.0,
        0.0,
        1.0
      ],
      "tpr": [
        0.0,
        0.004878048780487805,
        1.0,
        1.0
      ],
      "thresholds": [
        Infinity,
        0.9999413854523492,
        0.7739007117078986,
        0.008508006574388991
      ]
    }
  }
}