{
  "n_params": 1498789120,
  "n_reasoning": 205,
  "n_control": 5,
  "means": {
    "AE_reasoning": 1.5405962086517984,
    "AE_control": 4.842449494949494,
    "APE_reasoning": 0.07407562931548006,
    "APE_control": 0.03137860852432771,
    "APL_reasoning": 0.7548780487804878,
    "APL_control": 0.75,
    "CUD_reasoning": 0.8784552845528457,
    "CUD_control": 0.7416666666666667,
    "SIB_reasoning": 0.8951615470256105,
    "SIB_control": 0.0,
    "FL_reasoning": 0.293329252354737,
    "FL_control": 0.33309456873421717,
    "REV_reasoning": -0.004937402390465576,
    "REV_control": 0.20243349800910004
  },
  "stds": {
    "AE_reasoning": 0.08729726740376392,
    "AE_control": 0.4380027429029772,
    "APE_reasoning": 0.008994249215769188,
    "APE_control": 0.0020315316931807624,
    "APL_reasoning": 0.016806562563287213,
    "APL_control": 0.0,
    "CUD_reasoning": 0.05470059903054481,
    "CUD_control": 0.061801654059130545,
    "SIB_reasoning": 0.15190697141013282,
    "SIB_control": 0.0,
    "FL_reasoning": 0.003318478957055668,
    "FL_control": 0.0035336361847290326,
    "REV_reasoning": 0.343784364970399,
    "REV_control": 0.3049598290795924
  },
  "cohens_d": {
    "AE": -10.455312237150045,
    "APE": 6.548513450644288,
    "APL": 0.41047077397926224,
    "CUD": 2.3439070837823257,
    "SIB": 8.333716277579972,
    "FL": -11.601009728500882,
    "REV": -0.6381576801841289
  },
  "auroc_REV": 0.31219512195121946,
  "dataset_metrics": {},
  "partial_corr": {
    "AE": {
      "r": -0.9785061402182678,
      "p": 3.1986003129517222e-143
    },
    "APE": {
      "r": 0.6145983013724298,
      "p": 5.39832684369222e-23
    },
    "APL": {
      "r": 0.04835167877651768,
      "p": 0.4879699486145346
    },
    "CUD": {
      "r": 0.35116539033476035,
      "p": 1.9860424835229437e-07
    },
    "SIB": {
      "r": 0.6707468542141584,
      "p": 1.5162965093047387e-28
    },
    "FL": {
      "r": -0.8784550488067077,
      "p": 5.36451532821112e-68
    },
    "REV": {
      "r": -0.08133242042199626,
      "p": 0.24286328558739076
    }
  },
  "baseline_comparison": {
    "auroc_baseline": 0.7765853658536586,
    "auroc_rev": 0.31219512195121946,
    "auroc_combined": 0.8848780487804878,
    "delta_auc": 0.10829268292682925,
    "n_samples": 210,
    "baseline_features": [
      "token_len",
      "avg_logprob",
      "perplexity",
      "cot_len"
    ],
    "feature_importances": {
      "baseline": [
        -0.13089678211301284,
        -0.6166011924292552,
        0.6541471645652189,
        0.37702121232743846
      ],
      "combined": [
        -0.033311650650901525,
        -0.7349001528096712,
        0.720846053175478,
        0.2958518707152942,
        -0.5491116746703512
      ]
    },
    "roc_data": {
      "baseline": {
        "fpr": [
          0.0,
          0.0,
          0.0,
          0.0,
          0.0,
          0.2,
          0.2,
          0.4,
          0.4,
          0.6,
          0.6,
          1.0,
          1.0
        ],
        "tpr": [
          0.0,
          0.004878048780487805,
          0.25365853658536586,
          0.2634146341463415,
          0.6731707317073171,
          0.6731707317073171,
          0.7804878048780488,
          0.7804878048780488,
          0.7902439024390244,
          0.7902439024390244,
          0.8195121951219512,
          0.8195121951219512,
          1.0
        ],
        "thresholds": [
          Infinity,
          0.9996383486201631,
          0.9953005665724164,
          0.9952489000859022,
          0.969443446529419,
          0.9683391460574515,
          0.9516324224852692,
          0.9509161826013515,
          0.9501925303401171,
          0.949936251713978,
          0.9473658673368512,
          0.9446080920949427,
          0.9241495368624236
        ]
      },
      "rev": {
        "fpr": [
          0.0,
          0.0,
          0.0,
          0.2,
          0.2,
          0.4,
          0.4,
          0.6,
          0.6,
          0.8,
          0.8,
          1.0,
          1.0
        ],
        "tpr": [
          0.0,
          0.004878048780487805,
          0.06829268292682927,
          0.06829268292682927,
          0.08292682926829269,
          0.08292682926829269,
          0.2975609756097561,
          0.2975609756097561,
          0.36585365853658536,
          0.36585365853658536,
          0.7463414634146341,
          0.7463414634146341,
          1.0
        ],
        "thresholds": [
          Infinity,
          1.1066481291280301,
          0.5954078355968093,
          0.5397013774390326,
          0.48940827875014153,
          0.4782294043114192,
          0.12973106567481604,
          0.12769630621563666,
          0.06310604523948606,
          0.05917805677693577,
          -0.19262897422016756,
          -0.192637654697524,
          -1.1675231413126113
        ]
      },
      "combined": {
        "fpr": [
          0.0,
          0.0,
          0.0,
          0.2,
          0.2,
          0.4,
          0.4,
          0.6,
          0.6,
          1.0,
          1.0
        ],
        "tpr": [
          0.0,
          0.004878048780487805,
          0.6341463414634146,
          0.6341463414634146,
          0.9121951219512195,
          0.9121951219512195,
          0.9170731707317074,
          0.9170731707317074,
          0.9804878048780488,
          0.9804878048780488,
          1.0
        ],
        "thresholds": [
          Infinity,
          0.9998747393329367,
          0.9813979602816346,
          0.9798530136715414,
          0.9461789396871629,
          0.9455957516393396,
          0.9445997578230059,
          0.9443562596152407,
          0.9018488623374863,
          0.89142826464148,
          0.7475102451495726
        ]
      }
    }
  }
}