{
  "pythia-70m": {
    "n_params": 70463616,
    "n_reasoning": 205,
    "n_control": 5,
    "means": {
      "AE_reasoning": 0.763392858324828,
      "AE_control": 2.346617132867133,
      "APE_reasoning": 0.4123901752588827,
      "APE_control": 0.21068026402953208,
      "APL_reasoning": 0.16341463414634147,
      "APL_control": 0.6333333333333333,
      "CUD_reasoning": 0.3246612466124662,
      "CUD_control": 0.711111111111111,
      "SIB_reasoning": 0.9207562396625083,
      "SIB_control": 0.0,
      "FL_reasoning": 0.4643936159602324,
      "FL_control": 0.5172221235795453,
      "REV_reasoning": -0.04449527723410863,
      "REV_control": 1.8243063665984238
    },
    "stds": {
      "AE_reasoning": 0.06385514539442683,
      "AE_control": 0.3149760265901268,
      "APE_reasoning": 0.04112105217906521,
      "APE_control": 0.012167196419421846,
      "APL_reasoning": 0.08077945379341417,
      "APL_control": 0.18257418583505539,
      "CUD_reasoning": 0.053191088628423734,
      "CUD_control": 0.09938079899999067,
      "SIB_reasoning": 0.19716801918271018,
      "SIB_control": 0.0,
      "FL_reasoning": 0.012047597634791272,
      "FL_control": 0.010053095214174922,
      "REV_reasoning": 0.23019213015124163,
      "REV_control": 0.46059198293172526
    },
    "cohens_d": {
      "AE": -6.966807548290602,
      "APE": 6.65201996491553,
      "APL": -3.3287134682827224,
      "CUD": -4.84849050600084,
      "SIB": 6.604245288703278,
      "FL": -4.761360722293254,
      "REV": -5.132701307467668
    },
    "auroc_REV": 0.0,
    "dataset_metrics": {},
    "partial_corr": {
      "AE": {
        "r": -0.9508294215231012,
        "p": 8.023998146389876e-107
      },
      "APE": {
        "r": 0.5920020311760608,
        "p": 4.638045168295966e-21
      },
      "APL": {
        "r": -0.6299785426166692,
        "p": 2.1093177319360924e-24
      },
      "CUD": {
        "r": -0.7151890148088768,
        "p": 6.943285538414774e-34
      },
      "SIB": {
        "r": 0.5491135230499815,
        "p": 8.863473204734268e-18
      },
      "FL": {
        "r": -0.5145340598573289,
        "p": 1.864408354370559e-15
      },
      "REV": {
        "r": -0.7816425258721632,
        "p": 4.158921592750371e-44
      }
    },
    "baseline_comparison": {
      "auroc_baseline": 0.96,
      "auroc_rev": 0.0,
      "auroc_combined": 1.0,
      "delta_auc": 0.040000000000000036,
      "n_samples": 210,
      "baseline_features": [
        "token_len",
        "avg_logprob",
        "perplexity",
        "cot_len"
      ],
      "feature_importances": {
        "baseline": [
          1.2207185302725934,
          0.23385797553492943,
          0.354548893971812,
          0.3890837080241029
        ],
        "combined": [
          0.5398183045705918,
          -0.23182095024988159,
          0.23651796416922308,
          0.13880859541280965,
          -1.7335150110936366
        ]
      },
      "roc_data": {
        "baseline": {
          "fpr": [
            0.0,
            0.0,
            0.0,
            0.2,
            0.2,
            0.4,
            0.4,
            0.6,
            0.6,
            1.0,
            1.0
          ],
          "tpr": [
            0.0,
            0.004878048780487805,
            0.8975609756097561,
            0.8975609756097561,
            0.9609756097560975,
            0.9609756097560975,
            0.9707317073170731,
            0.9707317073170731,
            0.9853658536585366,
            0.9853658536585366,
            1.0
          ],
          "thresholds": [
            Infinity,
            0.9996040704285148,
            0.9604496965570144,
            0.9597030658610891,
            0.940600998073467,
            0.9388724433260788,
            0.9296683901864938,
            0.9292284545520237,
            0.8637683865954321,
            0.8286058536685786,
            0.36765200109740065
          ]
        },
        "rev": {
          "fpr": [
            0.0,
            0.2,
            1.0,
            1.0
          ],
          "tpr": [
            0.0,
            0.0,
            0.0,
            1.0
          ],
          "thresholds": [
            Infinity,
            2.2736206426711347,
            1.3337899650425895,
            -0.78841175524779
          ]
        },
        "combined": {
          "fpr": [
            0.0,
            0.0,
            0.0,
            1.0
          ],
          "tpr": [
            0.0,
            0.004878048780487805,
            1.0,
            1.0
          ],
          "thresholds": [
            Infinity,
            0.9999413854523492,
            0.7739007117078986,
            0.008508006574388991
          ]
        }
      }
    }
  },
  "pythia-410m": {
    "n_params": 405283968,
    "n_reasoning": 205,
    "n_control": 5,
    "means": {
      "AE_reasoning": 1.0593730315221128,
      "AE_control": 3.3635183566433566,
      "APE_reasoning": 0.22583898685702972,
      "APE_control": 0.11956575201199844,
      "APL_reasoning": 0.7918699186991872,
      "APL_control": 0.7916666666666666,
      "CUD_reasoning": 0.6804878048780488,
      "CUD_control": 0.36666666666666664,
      "SIB_reasoning": 0.9136485384298475,
      "SIB_control": 0.0,
      "FL_reasoning": 0.46413763547689557,
      "FL_control": 0.596571446131993,
      "REV_reasoning": -0.0031548625730543176,
      "REV_control": 0.1293493654949769
    },
    "stds": {
      "AE_reasoning": 0.08620573086319319,
      "AE_control": 0.42764356285685196,
      "APE_reasoning": 0.023363908886619583,
      "APE_control": 0.005578791986754077,
      "APL_reasoning": 0.0029101262323732477,
      "APL_control": 0.0,
      "CUD_reasoning": 0.07480024588262511,
      "CUD_control": 0.06180165405913052,
      "SIB_reasoning": 0.218533796607177,
      "SIB_control": 0.0,
      "FL_reasoning": 0.01345176751845161,
      "FL_control": 0.01504330628962734,
      "REV_reasoning": 0.26615988642237337,
      "REV_control": 0.24762468155744127
    },
    "cohens_d": {
      "AE": -7.469534760479124,
      "APE": 6.256807789362499,
      "APL": 0.09877295966508477,
      "CUD": 4.574020129550918,
      "SIB": 5.912559861907472,
      "FL": -9.280742717784415,
      "REV": -0.515461520453508
    },
    "auroc_REV": 0.28780487804878047,
    "dataset_metrics": {},
    "partial_corr": {
      "AE": {
        "r": -0.9600662162009161,
        "p": 6.367299109580395e-116
      },
      "APE": {
        "r": 0.6188712429884567,
        "p": 2.2327102632475405e-23
      },
      "APL": {
        "r": 0.003231827876103688,
        "p": 0.9630477715110448
      },
      "CUD": {
        "r": 0.5482306023423644,
        "p": 1.0239712074776988e-17
      },
      "SIB": {
        "r": 0.5303355348082718,
        "p": 1.7454432210549205e-16
      },
      "FL": {
        "r": -0.8346827332604285,
        "p": 2.8550269124597968e-55
      },
      "REV": {
        "r": -0.11684978425657644,
        "p": 0.09279425605902823
      }
    },
    "baseline_comparison": {
      "auroc_baseline": 0.775609756097561,
      "auroc_rev": 0.28780487804878047,
      "auroc_combined": 0.8819512195121951,
      "delta_auc": 0.10634146341463413,
      "n_samples": 210,
      "baseline_features": [
        "token_len",
        "avg_logprob",
        "perplexity",
        "cot_len"
      ],
      "feature_importances": {
        "baseline": [
          0.5313773590817223,
          0.08827375478930935,
          -0.4693257450515128,
          0.5733269223476128
        ],
        "combined": [
          0.6418084911539617,
          0.1495550134086012,
          -0.49161614401433934,
          0.5262246696681596,
          -0.38024102759204154
        ]
      },