{
  "n_params": 405283968,
  "n_reasoning": 205,
  "n_control": 5,
  "means": {
    "AE_reasoning": 1.0593730315221128,
    "AE_control": 3.3635183566433566,
    "APE_reasoning": 0.22583898685702972,
    "APE_control": 0.11956575201199844,
    "APL_reasoning": 0.7918699186991872,
    "APL_control": 0.7916666666666666,
    "CUD_reasoning": 0.6804878048780488,
    "CUD_control": 0.36666666666666664,
    "SIB_reasoning": 0.9136485384298475,
    "SIB_control": 0.0,
    "FL_reasoning": 0.46413763547689557,
    "FL_control": 0.596571446131993,
    "REV_reasoning": -0.0031548625730543176,
    "REV_control": 0.1293493654949769
  },
  "stds": {
    "AE_reasoning": 0.08620573086319319,
    "AE_control": 0.42764356285685196,
    "APE_reasoning": 0.023363908886619583,
    "APE_control": 0.005578791986754077,
    "APL_reasoning": 0.0029101262323732477,
    "APL_control": 0.0,
    "CUD_reasoning": 0.07480024588262511,
    "CUD_control": 0.06180165405913052,
    "SIB_reasoning": 0.218533796607177,
    "SIB_control": 0.0,
    "FL_reasoning": 0.01345176751845161,
    "FL_control": 0.01504330628962734,
    "REV_reasoning": 0.26615988642237337,
    "REV_control": 0.24762468155744127
  },
  "cohens_d": {
    "AE": -7.469534760479124,
    "APE": 6.256807789362499,
    "APL": 0.09877295966508477,
    "CUD": 4.574020129550918,
    "SIB": 5.912559861907472,
    "FL": -9.280742717784415,
    "REV": -0.515461520453508
  },
  "auroc_REV": 0.28780487804878047,
  "dataset_metrics": {},
  "partial_corr": {
    "AE": {
      "r": -0.9600662162009161,
      "p": 6.367299109580395e-116
    },
    "APE": {
      "r": 0.6188712429884567,
      "p": 2.2327102632475405e-23
    },
    "APL": {
      "r": 0.003231827876103688,
      "p": 0.9630477715110448
    },
    "CUD": {
      "r": 0.5482306023423644,
      "p": 1.0239712074776988e-17
    },
    "SIB": {
      "r": 0.5303355348082718,
      "p": 1.7454432210549205e-16
    },
    "FL": {
      "r": -0.8346827332604285,
      "p": 2.8550269124597968e-55
    },
    "REV": {
      "r": -0.11684978425657644,
      "p": 0.09279425605902823
    }
  },
  "baseline_comparison": {
    "auroc_baseline": 0.775609756097561,
    "auroc_rev": 0.28780487804878047,
    "auroc_combined": 0.8819512195121951,
    "delta_auc": 0.10634146341463413,
    "n_samples": 210,
    "baseline_features": [
      "token_len",
      "avg_logprob",
      "perplexity",
      "cot_len"
    ],
    "feature_importances": {
      "baseline": [
        0.5313773590817223,
        0.08827375478930935,
        -0.4693257450515128,
        0.5733269223476128
      ],
      "combined": [
        0.6418084911539617,
        0.1495550134086012,
        -0.49161614401433934,
        0.5262246696681596,
        -0.38024102759204154
      ]
    },
    "roc_data": {
      "baseline": {
        "fpr": [
          0.0,
          0.0,
          0.0,
          0.0,
          0.0,
          0.2,
          0.2,
          0.4,
          0.4,
          0.6,
          0.6,
          0.8,
          0.8,
          1.0
        ],
        "tpr": [
          0.0,
          0.004878048780487805,
          0.3951219512195122,
          0.40487804878048783,
          0.6097560975609756,
          0.6097560975609756,
          0.7219512195121951,
          0.7219512195121951,
          0.7658536585365854,
          0.7658536585365854,
          0.7804878048780488,
          0.7804878048780488,
          1.0,
          1.0
        ],
        "thresholds": [
          Infinity,
          0.9992510367196793,
          0.9874664338208141,
          0.9874562063985104,
          0.9787842669705831,
          0.9783570155259383,
          0.9735791346107739,
          0.9733912656712894,
          0.9706992499968304,
          0.9700256182130766,
          0.9690149432698191,
          0.9687556558962132,
          0.7766358646789508,
          0.7273019819315397
        ]
      },
      "rev": {
        "fpr": [
          0.0,
          0.0,
          0.0,
          0.2,
          0.2,
          0.4,
          0.4,
          0.6,
          0.6,
          0.8,
          0.8,
          1.0,
          1.0
        ],
        "tpr": [
          0.0,
          0.004878048780487805,
          0.02926829268292683,
          0.02926829268292683,
          0.03902439024390244,
          0.03902439024390244,
          0.15121951219512195,
          0.15121951219512195,
          0.3121951219512195,
          0.3121951219512195,
          0.9073170731707317,
          0.9073170731707317,
          1.0
        ],
        "thresholds": [
          Infinity,
          2.4264941713045505,
          0.3487546485811752,
          0.34290978053411253,
          0.30425121792621274,
          0.2974088090029574,
          0.1850245166384783,
          0.18099421800299767,
          0.10723394402803077,
          0.10622871313852918,
          -0.2717703884945533,
          -0.2807946932037124,
          -0.900856957306265
        ]
      },
      "combined": {
        "fpr": [
          0.0,
          0.0,
          0.0,
          0.2,
          0.2,
          0.4,
          0.4,
          0.6,
          0.6,
          0.8,
          0.8,
          1.0,
          1.0
        ],
        "tpr": [
          0.0,
          0.004878048780487805,
          0.8195121951219512,
          0.8195121951219512,
          0.8439024390243902,
          0.8439024390243902,
          0.8585365853658536,
          0.8585365853658536,
          0.8975609756097561,
          0.8975609756097561,
          0.9902439024390244,
          0.9902439024390244,
          1.0
        ],
        "thresholds": [
          Infinity,
          0.9992252085132486,
          0.9684652135060046,
          0.9683832794006924,
          0.9676697711059372,
          0.9673688749079266,
          0.9654471367045092,
          0.9649287165125174,
          0.9570488287658526,
          0.9566956827472277,
          0.8560459432411859,
          0.7520819818954809,
          0.7275286817309045
        ]
      }
    }
  }
}