{
  "seed_results": {
    "42": {
      "auroc_rev": 0.003999999999999999,
      "cohens_d": -3.0400803348703436,
      "n_samples": 55,
      "n_reasoning": 50,
      "n_control": 5
    },
    "1337": {
      "auroc_rev": 0.003999999999999999,
      "cohens_d": -3.0400803348703436,
      "n_samples": 55,
      "n_reasoning": 50,
      "n_control": 5
    },
    "999": {
      "auroc_rev": 0.003999999999999999,
      "cohens_d": -3.0400803348703436,
      "n_samples": 55,
      "n_reasoning": 50,
      "n_control": 5
    }
  },
  "temp_results": {
    "0.0": {
      "auroc_rev": 0.003999999999999999,
      "cohens_d": -3.0400803348703436,
      "n_samples": 55,
      "n_reasoning": 50,
      "n_control": 5
    },
    "0.2": {
      "auroc_rev": 0.003999999999999999,
      "cohens_d": -3.0400803348703436,
      "n_samples": 55,
      "n_reasoning": 50,
      "n_control": 5
    }
  },
  "ablation_results": {
    "AE": {
      "auroc_rev": 0.64,
      "cohens_d": 0.37843775655447476,
      "n_samples": 55,
      "n_reasoning": 50,
      "n_control": 5,
      "delta_auroc": 0.636
    },
    "APE": {
      "auroc_rev": 0.0,
      "cohens_d": -5.9014474730760105,
      "n_samples": 55,
      "n_reasoning": 50,
      "n_control": 5,
      "delta_auroc": -0.003999999999999999
    },
    "APL": {
      "auroc_rev": 0.39999999999999997,
      "cohens_d": -0.15625527270191322,
      "n_samples": 55,
      "n_reasoning": 50,
      "n_control": 5,
      "delta_auroc": 0.39599999999999996
    },
    "CUD": {
      "auroc_rev": 0.003999999999999999,
      "cohens_d": -3.040080334870344,
      "n_samples": 55,
      "n_reasoning": 50,
      "n_control": 5,
      "delta_auroc": 0.0
    },
    "SIB": {
      "auroc_rev": 0.0,
      "cohens_d": -6.351999279954788,
      "n_samples": 55,
      "n_reasoning": 50,
      "n_control": 5,
      "delta_auroc": -0.003999999999999999
    },
    "FL": {
      "auroc_rev": 0.424,
      "cohens_d": -0.24155328567334697,
      "n_samples": 55,
      "n_reasoning": 50,
      "n_control": 5,
      "delta_auroc": 0.42
    }
  },
  "baseline_auroc": 0.003999999999999999,
  "summary": {
    "seed_mean_auroc": 0.003999999999999999,
    "seed_std_auroc": 0.0,
    "temp_mean_auroc": 0.003999999999999999,
    "temp_std_auroc": 0.0,
    "most_important_metric": "AE"
  }
}