{
  "n_params": [
    70463616,
    405283968
  ],
  "d_REV": [
    NaN,
    NaN
  ],
  "auroc_REV": [
    NaN,
    NaN
  ],
  "partial_r_REV": [
    -0.9973209399664043,
    0.8786688652047024
  ],
  "runtime_sec": [
    93.46540975570679,
    999.3171389102936
  ],
  "model_names": [
    "pythia-70m",
    "pythia-410m"
  ],
  "trend_analysis": {
    "d_REV": {
      "r": NaN,
      "p": NaN
    },
    "auroc_REV": {
      "r": NaN,
      "p": NaN
    },
    "partial_r_REV": {
      "r": 1.0,
      "p": 1.0
    }
  }
}