{
  "n_reasoning": 5,
  "n_control": 5,
  "means": {
    "AE_reasoning": 1.1240204896634023,
    "AE_control": 2.3465683765011236,
    "APE_reasoning": 0.3018322791605036,
    "APE_control": 0.2106694781195424,
    "APL_reasoning": 0.4333333333333333,
    "APL_control": 0.7333333333333333,
    "CUD_reasoning": 0.31111111111111106,
    "CUD_control": 0.2,
    "SIB_reasoning": 0.9759783488513346,
    "SIB_control": 0.9958914238452694,
    "FL_reasoning": 0.488065105676651,
    "FL_control": 0.5170132786035537,
    "REV_reasoning": -0.2666100809883785,
    "REV_control": 0.26661008098837774
  },
  "stds": {
    "AE_reasoning": 0.16126914942942874,
    "AE_control": 0.31477235263324926,
    "APE_reasoning": 0.014399216020705569,
    "APE_control": 0.012137409091696002,
    "APL_reasoning": 0.3836954811073779,
    "APL_control": 0.09128709291752773,
    "CUD_reasoning": 0.09296222517045283,
    "CUD_control": 0.09296222517045284,
    "SIB_reasoning": 0.008153853377484586,
    "SIB_control": 0.0010860225826868567,
    "FL_reasoning": 0.015198817382891678,
    "FL_control": 0.010085935993383643,
    "REV_reasoning": 0.1233108863231957,
    "REV_control": 0.1908944823761733
  },
  "cohens_d": {
    "AE": -4.888444288878695,
    "APE": 6.845893725683367,
    "APL": -1.0757057484009545,
    "CUD": 1.195228609334393,
    "SIB": -3.4235133232437756,
    "FL": -2.2443473659912807,
    "REV": -3.318196077748714
  },
  "partial_corr": {
    "AE": {
      "r": -0.9337687704261585,
      "p": 0.0006907198383567886
    },
    "APE": {
      "r": 0.9677638256297856,
      "p": 8.173552510417954e-05
    },
    "APL": {
      "r": -0.46734686137180237,
      "p": 0.2429575577499893
    },
    "CUD": {
      "r": 0.63644911454491,
      "p": 0.0897533225112487
    },
    "SIB": {
      "r": -0.8934029302534162,
      "p": 0.0027912072341541427
    },
    "FL": {
      "r": -0.8244663894328604,
      "p": 0.011803776602200394
    },
    "REV": {
      "r": -0.879044514024352,
      "p": 0.0040323931970898804
    }
  },
  "runtime_sec": 23.043351888656616,
  "circuit_heads_count": 9
}