{
  "auroc_baseline": 0.9333333333333333,
  "auroc_rev": 0.0,
  "auroc_combined": 1.0,
  "delta_auc": 0.06666666666666665,
  "n_samples": 20,
  "baseline_features": [
    "token_len",
    "avg_logprob",
    "perplexity",
    "cot_len"
  ],
  "feature_importances": {
    "baseline": [
      1.1271641383357105,
      0.14965036998104222,
      -0.10272261046093506,
      0.6542770382988993
    ],
    "combined": [
      0.5213632631952619,
      -0.15299556061897424,
      0.1457753782012104,
      0.2419980522250948,
      -1.6775397549447966
    ]
  },
  "roc_data": {
    "baseline": {
      "fpr": [
        0.0,
        0.0,
        0.0,
        1.0,
        1.0
      ],
      "tpr": [
        0.0,
        0.06666666666666667,
        0.9333333333333333,
        0.9333333333333333,
        1.0
      ],
      "thresholds": [
        Infinity,
        0.963410138867586,
        0.7375563671020341,
        0.3212230649555294,
        0.23606117824105566
      ]
    },
    "rev": {
      "fpr": [
        0.0,
        0.2,
        1.0,
        1.0
      ],
      "tpr": [
        0.0,
        0.0,
        0.0,
        1.0
      ],
      "thresholds": [
        Infinity,
        0.7041761937130288,
        0.29073726436816955,
        -0.5648585839947792
      ]
    },
    "combined": {
      "fpr": [
        0.0,
        0.0,
        0.0,
        1.0
      ],
      "tpr": [
        0.0,
        0.06666666666666667,
        1.0,
        1.0
      ],
      "thresholds": [
        Infinity,
        0.9882353696068644,
        0.6485247064300905,
        0.0997045645393957
      ]
    }
  }
}