{
  "n_params": 1498789120,
  "n_reasoning": 15,
  "n_control": 5,
  "means": {
    "AE_reasoning": 1.6717896779634671,
    "AE_control": 4.842449494949494,
    "APE_reasoning": 0.06691673016830875,
    "APE_control": 0.03137860852432771,
    "APL_reasoning": 0.7583333333333333,
    "APL_control": 0.75,
    "CUD_reasoning": 0.8444444444444442,
    "CUD_control": 0.7416666666666667,
    "SIB_reasoning": 0.6838408181657987,
    "SIB_control": 0.0,
    "FL_reasoning": 0.29866107872313385,
    "FL_control": 0.33309456873421717,
    "REV_reasoning": 0.03113702142926856,
    "REV_control": -0.09341106428780571
  },
  "stds": {
    "AE_reasoning": 0.29424113278431796,
    "AE_control": 0.4380027429029772,
    "APE_reasoning": 0.011441843515669035,
    "APE_control": 0.0020315316931807624,
    "APL_reasoning": 0.02199161095465615,
    "APL_control": 0.0,
    "CUD_reasoning": 0.08253586682266875,
    "CUD_control": 0.061801654059130545,
    "SIB_reasoning": 0.4281571639579065,
    "SIB_control": 0.0,
    "FL_reasoning": 0.008793922253102104,
    "FL_control": 0.0035336361847290326,
    "REV_reasoning": 0.3810868953245341,
    "REV_control": 0.1549073035902384
  },
  "cohens_d": {
    "AE": -8.497890283513769,
    "APE": 4.32487523181914,
    "APL": 0.535891301645665,
    "CUD": 1.4096608094570178,
    "SIB": 2.2587429125662477,
    "FL": -5.138192295686095,
    "REV": 0.4281754128934874
  },
  "auroc_REV": 0.6133333333333333,
  "dataset_metrics": {},
  "partial_corr": {
    "AE": {
      "r": -0.9741081705612871,
      "p": 9.364178656646138e-12
    },
    "APE": {
      "r": 0.8397048352514149,
      "p": 1.3082878196127702e-05
    },
    "APL": {
      "r": 0.17363681373260198,
      "p": 0.49078902452160755
    },
    "CUD": {
      "r": 0.48007273203500217,
      "p": 0.043765855485961236
    },
    "SIB": {
      "r": 0.6781188196901936,
      "p": 0.0019809677104021335
    },
    "FL": {
      "r": -0.9049690665547306,
      "p": 2.473389310666043e-07
    },
    "REV": {
      "r": 0.15218025650313222,
      "p": 0.546626699970346
    }
  },
  "baseline_comparison": {
    "auroc_baseline": 0.6533333333333333,
    "auroc_rev": 0.6133333333333333,
    "auroc_combined": 0.7466666666666668,
    "delta_auc": 0.09333333333333349,
    "n_samples": 20,
    "baseline_features": [
      "token_len",
      "avg_logprob",
      "perplexity",
      "cot_len"
    ],
    "feature_importances": {
      "baseline": [
        -0.6200920294747735,
        0.09986318984489889,
        0.18268860798148903,
        0.2828155175986995
      ],
      "combined": [
        -0.6595319158674962,
        0.13675762129536345,
        0.17675747191984292,
        0.34130454981404845,
        0.3880546713977073
      ]
    },
    "roc_data": {
      "baseline": {
        "fpr": [
          0.0,
          0.0,
          0.0,
          0.2,
          0.2,
          0.4,
          0.4,
          0.8,
          0.8,
          1.0,
          1.0
        ],
        "tpr": [
          0.0,
          0.06666666666666667,
          0.4666666666666667,
          0.4666666666666667,
          0.5333333333333333,
          0.5333333333333333,
          0.7333333333333333,
          0.7333333333333333,
          0.8,
          0.8,
          1.0
        ],
        "thresholds": [
          Infinity,
          0.9568801009759969,
          0.7979277581954067,
          0.7554574947589069,
          0.7480599368467951,
          0.7061691308289043,
          0.6833005283140352,
          0.6632479750350494,
          0.6567081106604821,
          0.6498104766737282,
          0.5924971865324825
        ]
      },
      "rev": {
        "fpr": [
          0.0,
          0.0,
          0.0,
          0.2,
          0.2,
          0.4,
          0.4,
          0.8,
          0.8,
          1.0,
          1.0
        ],
        "tpr": [
          0.0,
          0.06666666666666667,
          0.4666666666666667,
          0.4666666666666667,
          0.5333333333333333,
          0.5333333333333333,
          0.6666666666666666,
          0.6666666666666666,
          0.7333333333333333,
          0.7333333333333333,
          1.0
        ],
        "thresholds": [
          Infinity,
          0.7532118482189695,
          0.0987433066568817,
          0.08275187497013566,
          0.04605111860081144,
          0.036390151097186796,
          -0.04156699296774122,
          -0.15269968998725117,
          -0.1871355395536761,
          -0.3009028682106391,
          -0.6142624040995105
        ]
      },
      "combined": {
        "fpr": [
          0.0,
          0.0,
          0.0,
          0.2,
          0.2,
          0.4,
          0.4,
          1.0,
          1.0
        ],
        "tpr": [
          0.0,
          0.06666666666666667,
          0.4,
          0.4,
          0.7333333333333333,
          0.7333333333333333,
          0.8666666666666667,
          0.8666666666666667,
          1.0
        ],
        "thresholds": [
          Infinity,
          0.9563811861401148,
          0.8935502241233796,
          0.7816804771366727,
          0.6981291920995512,
          0.6789030175926707,
          0.6350244578775364,
          0.6116511006650778,
          0.595604559553138
        ]
      }
    }
  }
}