{
  "run_id": "20251021_180810_pythia-410m",
  "timestamp": "2025-10-21 18:08:10",
  "timestamp_unix": 1761070090,
  "config_hash": "c4c1e369",
  "config": {
    "model_name": "EleutherAI/pythia-410m-deduped",
    "device": "cuda",
    "dtype": "float16",
    "max_new_tokens": 128,
    "temperature": 0.0,
    "top_p": 1.0,
    "seed": 1337,
    "save_activations": true,
    "act_dir": "cache/activations"
  },
  "results": {
    "n_params": 405283968,
    "n_reasoning": 15,
    "n_control": 5,
    "means": {
      "AE_reasoning": 1.2068865843764838,
      "AE_control": 3.3635183566433566,
      "APE_reasoning": 0.20494669636905644,
      "APE_control": 0.11956575201199844,
      "APL_reasoning": 0.7916666666666665,
      "APL_control": 0.7916666666666666,
      "CUD_reasoning": 0.6527777777777779,
      "CUD_control": 0.36666666666666664,
      "SIB_reasoning": 0.6428057023911189,
      "SIB_control": 0.0,
      "FL_reasoning": 0.4829220164539631,
      "FL_control": 0.596571446131993,
      "REV_reasoning": 0.19763895102110726,
      "REV_control": 0.07374981360334498
    },
    "stds": {
      "AE_reasoning": 0.27328879148024626,
      "AE_control": 0.42764356285685196,
      "APE_reasoning": 0.03278742481749639,
      "APE_control": 0.005578791986754077,
      "APL_reasoning": 1.1491900087240784e-16,
      "APL_control": 0.0,
      "CUD_reasoning": 0.116439688500962,
      "CUD_control": 0.06180165405913052,
      "SIB_reasoning": 0.4707370222649855,
      "SIB_control": 0.0,
      "FL_reasoning": 0.03091169521995971,
      "FL_control": 0.01504330628962734,
      "REV_reasoning": 0.20274548087328237,
      "REV_control": 0.0978196926532459
    },
    "cohens_d": {
      "AE": -6.009618668456961,
      "APE": 3.630540342823852,
      "APL": -1.3662601021279464,
      "CUD": 3.0694054153129042,
      "SIB": 1.9311515757104754,
      "FL": -4.67524123672202,
      "REV": 0.7783121746389922
    },
    "auroc_REV": 0.7466666666666667,
    "dataset_metrics": {},
    "partial_corr": {
      "AE": {
        "r": -0.968517476127422,
        "p": 4.396229019657651e-11
      },
      "APE": {
        "r": 0.853253937583326,
        "p": 6.751491829965618e-06
      },
      "APL": {
        "r": -0.5737436145734994,
        "p": 0.012787252796609807
      },
      "CUD": {
        "r": 0.7785176340149828,
        "p": 0.00014139161855090656
      },
      "SIB": {
        "r": 0.5890002837761802,
        "p": 0.010113192375384474
      },
      "FL": {
        "r": -0.89897565520616,
        "p": 3.956806698599874e-07
      },
      "REV": {
        "r": 0.2423638656915279,
        "p": 0.3325481441837683
      }
    },
    "baseline_comparison": {
      "auroc_baseline": 0.6266666666666667,
      "auroc_rev": 0.7466666666666667,
      "auroc_combined": 0.6933333333333334,
      "delta_auc": 0.06666666666666665,
      "n_samples": 20,
      "baseline_features": [
        "token_len",
        "avg_logprob",
        "perplexity",
        "cot_len"
      ],
      "feature_importances": {
        "baseline": [
          0.21444733899872365,
          0.29700191325048614,
          -0.4069603280638604,
          0.30991563023792595
        ],
        "combined": [
          0.04499957381419679,
          0.3240503589754845,
          -0.34676980870994817,
          0.26357242069862086,
          0.4821084589965249
        ]
      },
      "roc_data": {
        "baseline": {
          "fpr": 