{
  "baseline_results": {
    "pythia-70m": {
      "n_params": 70463616,
      "accuracy": 0.0,
      "n_reasoning": 30,
      "n_control": 5,
      "means": {
        "AE_reasoning": 0.7561154297104589,
        "AE_control": 2.3465683765011236,
        "APE_reasoning": 0.4168356398321256,
        "APE_control": 0.2106694781195424,
        "APL_reasoning": 0.11666666666666664,
        "APL_control": 0.7333333333333333,
        "CUD_reasoning": 0.3037037037037037,
        "CUD_control": 0.2,
        "SIB_reasoning": 0.9695108223274429,
        "SIB_control": 0.9958914238452694,
        "FL_reasoning": 0.4650072212020556,
        "FL_control": 0.5170132786035537,
        "REV_reasoning": -0.1324990978163257,
        "REV_control": 0.7949945868979426
      },
      "stds": {
        "AE_reasoning": 0.025983358025866425,
        "AE_control": 0.31477235263324926,
        "APE_reasoning": 0.040479275127409335,
        "APE_control": 0.012137409091696002,
        "APL_reasoning": 0.07768193328323317,
        "APL_control": 0.09128709291752773,
        "CUD_reasoning": 0.057870051084687534,
        "CUD_control": 0.09296222517045284,
        "SIB_reasoning": 0.014533764006164622,
        "SIB_control": 0.0010860225826868567,
        "FL_reasoning": 0.011762845093341343,
        "FL_control": 0.010085935993383643,
        "REV_reasoning": 0.26852988532113703,
        "REV_control": 0.2468840835955266
      },
      "cohens_d": {
        "AE": -7.121387796651899,
        "APE": 6.899303078907165,
        "APL": -7.275621393851294,
        "CUD": 1.3393159665973682,
        "SIB": -2.5598379708269756,
        "FL": -4.746585668594197,
        "REV": -3.595854560921416
      },
      "auroc_REV": 0.0,
      "partial_corr": {
        "AE": {
          "r": -0.9671793231504976,
          "p": 5.2627712190713986e-20
        },
        "APE": {
          "r": 0.8626061029421082,
          "p": 1.091176650848394e-10
        },
        "APL": {
          "r": -0.9334136073145901,
          "p": 2.4058447940975968e-15
        },
        "CUD": {
          "r": 0.26863372874445623,
          "p": 0.1306299952862589
        },
        "SIB": {
          "r": -0.6301033650931811,
          "p": 8.506328440840194e-05
        },
        "FL": {
          "r": -0.7213583976659911,
          "p": 2.174702271950712e-06
        },
        "REV": {
          "r": -0.8332282822421141,
          "p": 1.7746888008494455e-09
        }
      }
    },
    "pythia-410m": {
      "n_params": 405283968,
      "accuracy": 0.0,
      "n_reasoning": 30,
      "n_control": 5,
      "means": {
        "AE_reasoning": 1.0474720511907412,
        "AE_control": 3.3627442483968664,
        "APE_reasoning": 0.22767807619236685,
        "APE_control": 0.11956718601690804,
        "APL_reasoning": 0.7916666666666669,
        "APL_control": 0.7916666666666666,
        "CUD_reasoning": 0.0,
        "CUD_control": 0.0,
        "SIB_reasoning": 0.9665716682107602,
        "SIB_control": 0.9996753088360177,
        "FL_reasoning": 0.4636218855778376,
        "FL_control": 0.5966463506221771,
        "REV_reasoning": -0.2825560570911204,
        "REV_control": 0.5286696758800539
      },
      "stds": {
        "AE_reasoning": 0.037239133860482755,
        "AE_control": 0.42754685344740645,
        "APE_reasoning": 0.02469453288939582,
        "APE_control": 0.0055778977777782845,
        "APL_reasoning": 2.2584051416334807e-16,
        "APL_control": 0.0,
        "CUD_reasoning": 0.0,
        "CUD_control": 0.0,
        "SIB_reasoning": 0.016672003821504053,
        "SIB_control": 0.00011183755049097268,
        "FL_reasoning": 0.011088701687830379,
        "FL_control": 0.015060440904738032,
        "REV_reasoning": 0.16942235123260285,
        "REV_control": 0.11745272069893083
      },
      "cohens_d": {
        "AE": -7.629431999616699,
        "APE": 6.0391825734822095,
        "APL": 1.3904435743076138,
        "CUD": 0.0,
        "SIB": -2.8079746593529085,
        "FL": -10.058921070935517,
        "REV": -5.56502319815944
      },
      "auroc_REV": 0.0,
      "partial_corr": {
        "AE": {
          "r": -0.9818778382493055,
          "p": 5.850024584120432e-24
        },
        "APE": {
          "r": 0.9147571208049259,
          "p": 9.702463749712482e-14
        },
        "APL": {
          "r": 0.8826585846031944,
          "p": 1.0933515316952302e-11
        },
        "CUD": {
          "r": NaN,
          "p": NaN
        },
        "SIB": {
          "r": -0.46122781506966204,
          "p": 0.006901162371681148
        },
        "FL": {
          "r": -0.9616059669511083,
          "p": 5.757910066564415e-19
        },
        "REV": {
          "r": -0.8534134669892227,
          "p": 2.785101037994075e-10
        }
      }
    },
    "llama3-1b": {
      "n_params": 1498789120,
      "accuracy": 0.0,
      "n_reasoning": 30,
      "n_control": 5,
      "means": {
        "AE_reasoning": 1.5321535121826897,
        "AE_control": 4.842666971225931,
        "APE_reasoning": 0.07444136652429398,
        "APE_control": 0.0313550321464482,
        "APL_reasoning": 0.7625,
        "APL_control": 0.75,
        "CUD_reasoning": 0.0037037037037037034,
        "CUD_control": 0.0,
        "SIB_reasoning": 0.9214409448772255,
        "SIB_control": 0.9997605443071802,
        "FL_reasoning": 0.29326319371660553,
        "FL_control": 0.33322812169790267,
        "REV_reasoning": -0.09167026534299248,
        "REV_control": 0.5500215920579544
      },
      "stds": {
        "AE_reasoning": 0.03215670517990286,
        "AE_control": 0.4379054686194623,
        "APE_reasoning": 0.009238450735306625,
        "APE_control": 0.002030470378722452,
        "APL_reasoning": 0.025427381385780393,
        "APL_control": 0.0,
        "CUD_reasoning": 0.020286020648339488,
        "CUD_control": 0.0,
        "SIB_reasoning": 0.05158762659550546,
        "SIB_control": 8.210275184709532e-05,
        "FL_reasoning": 0.002826531522194764,
        "FL_control": 0.0035820660033682164,
        "REV_reasoning": 0.3878814643791829,
        "REV_control": 0.08720395953627758
      },
      "cohens_d": {
        "AE": -10.662577167863091,
        "APE": 6.441863259512278,
        "APL": 0.6952217871538044,
        "CUD": 0.2581988897471611,
        "SIB": -2.1470361547616403,
        "FL": -12.386502421468396,
        "REV": -2.282628640724508
      },
      "auroc_REV": 0.03333333333333333,
      "partial_corr": {
        "AE": {
          "r": -0.9902583183627164,
          "p": 4.108388431697559e-28
        },
        "APE": {
          "r": 0.9000878104555392,
          "p": 1.0245107037318587e-12
        },
        "APL": {
          "r": 0.13765537342498485,
          "p": 0.44491090174564485
        },
        "CUD": {
          "r": -0.005594038425406879,
          "p": 0.9753521579979221
        },
        "SIB": {
          "r": -0.4593044592848121,
          "p": 0.007169736114137295
        },
        "FL": {
          "r": -0.9790019310066265,
          "p": 5.624727284728227e-23
        },
        "REV": {
          "r": -0.5727334210855182,
          "p": 0.0004953941944163162
        }
      }
    }
  },
  "patchout_results": {
    "pythia-70m": {
      "heads": {
        "5": {
          "acc": 0.0,
          "rev": -0.10599927825306057
        },
        "10": {
          "acc": 0.0,
          "rev": -0.10599927825306057
        },
        "20": {
          "acc": 0.0,
          "rev": -0.10599927825306057
        }
      },
      "layers": {
        "5": {
          "acc": 0.0,
          "rev": -0.10599927825306057
        },
        "10": {
          "acc": 0.0,
          "rev": -0.10599927825306057
        },
        "20": {
          "acc": 0.0,
          "rev": -0.10599927825306057
        }
      },
      "structured": {
        "baseline_accuracy": 0.0,
        "baseline_rev": -0.1324990978163257,
        "delta_accuracy": {
          "head_5": 0.0,
          "head_10": 0.0,