{
  "5": {
    "acc": 0.0,
    "rev": -0.07333621227439399
  },
  "10": {
    "acc": 0.0,
    "rev": -0.07333621227439399
  },
  "20": {
    "acc": 0.0,
    "rev": -0.07333621227439399
  }
}