{
  "AE": {
    "r": -0.9337687704261585,
    "p": 0.0006907198383567886
  },
  "APE": {
    "r": 0.9677638256297856,
    "p": 8.173552510417954e-05
  },
  "APL": {
    "r": -0.46734686137180237,
    "p": 0.2429575577499893
  }
}