{
  "AE": {
    "r": -0.9337687704261585,
    "p": 0.0006907198383567886
  },
  "APE": {
    "r": 0.9677638256297856,
    "p": 8.173552510417954e-05
  },
  "APL": {
    "r": -0.46734686137180237,
    "p": 0.2429575577499893
  },
  "CUD": {
    "r": 0.63644911454491,
    "p": 0.0897533225112487
  },
  "SIB": {
    "r": -0.8934029302534162,
    "p": 0.0027912072341541427
  },
  "FL": {
    "r": -0.8244663894328604,
    "p": 0.011803776602200394
  },
  "REV": {
    "r": -0.879044514024352,
    "p": 0.0040323931970898804
  }
}