{
  "n_reasoning": 5,
  "n_control": 5,
  "AE_mean_reasoning": 1.1240204896634023,
  "AE_mean_control": 2.3465683765011236,
  "AE_std_reasoning": 0.14424351231910965,
  "AE_std_control": 0.2815409511701921,
  "cohens_d_ae": -5.465446867076691,
  "APE_mean_reasoning": 0.3018322791605036,
  "APE_mean_control": 0.2106694781195424,
  "APE_std_reasoning": 0.012879050338000669,
  "APE_std_control": 0.010856028719902495,
  "cohens_d_ape": 7.653941868683654,
  "APL_mean_reasoning": 0.4333333333333333,
  "APL_mean_control": 0.7333333333333333,
  "APL_std_reasoning": 0.3431876713662333,
  "APL_std_control": 0.08164965809277264,
  "cohens_d_apl": -1.2026755886059097,
  "partial_corr": {
    "AE": {
      "r": -0.9337687704261585,
      "p": 0.0006907198383567886
    },
    "APE": {
      "r": 0.9677638256297856,
      "p": 8.173552510417954e-05
    },
    "APL": {
      "r": -0.46734686137180237,
      "p": 0.2429575577499893
    }
  }
}