{
  "n_params": 134515008,
  "n_reasoning": 1200,
  "n_control": 1200,
  "means": {
    "AE_reasoning": 3.2,
    "AE_control": 3.2,
    "APE_reasoning": 0.64,
    "APE_control": 0.64,
    "APL_reasoning": 9.599999999999998,
    "APL_control": 9.599999999999998,
    "CUD_reasoning": NaN,
    "CUD_control": NaN,
    "SIB_reasoning": 4.799999999999999,
    "SIB_control": 4.799999999999999,
    "FL_reasoning": 1.6,
    "FL_control": 1.6,
    "REV_reasoning": 0.0,
    "REV_control": 0.0
  },
  "stds": {
    "AE_reasoning": 0.0,
    "AE_control": 0.0,
    "APE_reasoning": 0.0,
    "APE_control": 0.0,
    "APL_reasoning": 1.7770974509977403e-15,
    "APL_control": 1.7770974509977403e-15,
    "CUD_reasoning": NaN,
    "CUD_control": NaN,
    "SIB_reasoning": 8.885487254988702e-16,
    "SIB_control": 8.885487254988702e-16,
    "FL_reasoning": 0.0,
    "FL_control": 0.0,
    "REV_reasoning": 0.0,
    "REV_control": 0.0
  },
  "cohens_d": {
    "AE": 0.0,
    "APE": 0.0,
    "APL": 0.0,
    "CUD": NaN,
    "SIB": 0.0,
    "FL": 0.0,
    "REV": 0.0
  },
  "auroc_REV": 0.5,
  "dataset_metrics": {},
  "partial_corr": {},
  "baseline_comparison": {
    "auroc_baseline": 0.7780802083333334,
    "auroc_rev": 0.5,
    "auroc_combined": 0.7780802083333334,
    "delta_auc": 0.0,
    "n_samples": 2400,
    "baseline_features": [
      "token_len",
      "avg_logprob",
      "perplexity",
      "cot_len"
    ],
    "feature_importances": {
      "baseline": [
        1.6329435407267288,
        0.0,
        0.0,
        1.079907614477538
      ],
      "combined": [
        1.6329435407267288,
        0.0,
        0.0,
        1.079907614477538,
        0.0
      ]
    }
  }
}