{
  "n_params": 1498789120,
  "accuracy": 0.0,
  "n_reasoning": 30,
  "n_control": 5,
  "means": {
    "AE_reasoning": 1.5321535121826897,
    "AE_control": 4.842666971225931,
    "APE_reasoning": 0.07444136652429398,
    "APE_control": 0.0313550321464482,
    "APL_reasoning": 0.7625,
    "APL_control": 0.75,
    "CUD_reasoning": 0.0037037037037037034,
    "CUD_control": 0.0,
    "SIB_reasoning": 0.9214409448772255,
    "SIB_control": 0.9997605443071802,
    "FL_reasoning": 0.29326319371660553,
    "FL_control": 0.33322812169790267,
    "REV_reasoning": -0.09167026534299248,
    "REV_control": 0.5500215920579544
  },
  "stds": {
    "AE_reasoning": 0.03215670517990286,
    "AE_control": 0.4379054686194623,
    "APE_reasoning": 0.009238450735306625,
    "APE_control": 0.002030470378722452,
    "APL_reasoning": 0.025427381385780393,
    "APL_control": 0.0,
    "CUD_reasoning": 0.020286020648339488,
    "CUD_control": 0.0,
    "SIB_reasoning": 0.05158762659550546,
    "SIB_control": 8.210275184709532e-05,
    "FL_reasoning": 0.002826531522194764,
    "FL_control": 0.0035820660033682164,
    "REV_reasoning": 0.3878814643791829,
    "REV_control": 0.08720395953627758
  },
  "cohens_d": {
    "AE": -10.662577167863091,
    "APE": 6.441863259512278,
    "APL": 0.6952217871538044,
    "CUD": 0.2581988897471611,
    "SIB": -2.1470361547616403,
    "FL": -12.386502421468396,
    "REV": -2.282628640724508
  },
  "auroc_REV": 0.03333333333333333,
  "partial_corr": {
    "AE": {
      "r": -0.9902583183627164,
      "p": 4.108388431697559e-28
    },
    "APE": {
      "r": 0.9000878104555392,
      "p": 1.0245107037318587e-12
    },
    "APL": {
      "r": 0.13765537342498485,
      "p": 0.44491090174564485
    },
    "CUD": {
      "r": -0.005594038425406879,
      "p": 0.9753521579979221
    },
    "SIB": {
      "r": -0.4593044592848121,
      "p": 0.007169736114137295
    },
    "FL": {
      "r": -0.9790019310066265,
      "p": 5.624727284728227e-23
    },
    "REV": {
      "r": -0.5727334210855182,
      "p": 0.0004953941944163162
    }
  }
}