{
  "n_params": 70463616,
  "accuracy": 0.0,
  "n_reasoning": 30,
  "n_control": 5,
  "means": {
    "AE_reasoning": 0.7561154297104589,
    "AE_control": 2.3465683765011236,
    "APE_reasoning": 0.4168356398321256,
    "APE_control": 0.2106694781195424,
    "APL_reasoning": 0.11666666666666664,
    "APL_control": 0.7333333333333333,
    "CUD_reasoning": 0.3037037037037037,
    "CUD_control": 0.2,
    "SIB_reasoning": 0.9695108223274429,
    "SIB_control": 0.9958914238452694,
    "FL_reasoning": 0.4650072212020556,
    "FL_control": 0.5170132786035537,
    "REV_reasoning": -0.1324990978163257,
    "REV_control": 0.7949945868979426
  },
  "stds": {
    "AE_reasoning": 0.025983358025866425,
    "AE_control": 0.31477235263324926,
    "APE_reasoning": 0.040479275127409335,
    "APE_control": 0.012137409091696002,
    "APL_reasoning": 0.07768193328323317,
    "APL_control": 0.09128709291752773,
    "CUD_reasoning": 0.057870051084687534,
    "CUD_control": 0.09296222517045284,
    "SIB_reasoning": 0.014533764006164622,
    "SIB_control": 0.0010860225826868567,
    "FL_reasoning": 0.011762845093341343,
    "FL_control": 0.010085935993383643,
    "REV_reasoning": 0.26852988532113703,
    "REV_control": 0.2468840835955266
  },
  "cohens_d": {
    "AE": -7.121387796651899,
    "APE": 6.899303078907165,
    "APL": -7.275621393851294,
    "CUD": 1.3393159665973682,
    "SIB": -2.5598379708269756,
    "FL": -4.746585668594197,
    "REV": -3.595854560921416
  },
  "auroc_REV": 0.0,
  "partial_corr": {
    "AE": {
      "r": -0.9671793231504976,
      "p": 5.2627712190713986e-20
    },
    "APE": {
      "r": 0.8626061029421082,
      "p": 1.091176650848394e-10
    },
    "APL": {
      "r": -0.9334136073145901,
      "p": 2.4058447940975968e-15
    },
    "CUD": {
      "r": 0.26863372874445623,
      "p": 0.1306299952862589
    },
    "SIB": {
      "r": -0.6301033650931811,
      "p": 8.506328440840194e-05
    },
    "FL": {
      "r": -0.7213583976659911,
      "p": 2.174702271950712e-06
    },
    "REV": {
      "r": -0.8332282822421141,
      "p": 1.7746888008494455e-09
    }
  }
}