{
  "5": {
    "acc": 0.0,
    "rev": -0.10599927825306057
  },
  "10": {
    "acc": 0.0,
    "rev": -0.10599927825306057
  },
  "20": {
    "acc": 0.0,
    "rev": -0.10599927825306057
  }
}