{
  "n_params": 405283968,
  "accuracy": 0.0,
  "n_reasoning": 30,
  "n_control": 5,
  "means": {
    "AE_reasoning": 1.0474720511907412,
    "AE_control": 3.3627442483968664,
    "APE_reasoning": 0.22767807619236685,
    "APE_control": 0.11956718601690804,
    "APL_reasoning": 0.7916666666666669,
    "APL_control": 0.7916666666666666,
    "CUD_reasoning": 0.0,
    "CUD_control": 0.0,
    "SIB_reasoning": 0.9665716682107602,
    "SIB_control": 0.9996753088360177,
    "FL_reasoning": 0.4636218855778376,
    "FL_control": 0.5966463506221771,
    "REV_reasoning": -0.2825560570911204,
    "REV_control": 0.5286696758800539
  },
  "stds": {
    "AE_reasoning": 0.037239133860482755,
    "AE_control": 0.42754685344740645,
    "APE_reasoning": 0.02469453288939582,
    "APE_control": 0.0055778977777782845,
    "APL_reasoning": 2.2584051416334807e-16,
    "APL_control": 0.0,
    "CUD_reasoning": 0.0,
    "CUD_control": 0.0,
    "SIB_reasoning": 0.016672003821504053,
    "SIB_control": 0.00011183755049097268,
    "FL_reasoning": 0.011088701687830379,
    "FL_control": 0.015060440904738032,
    "REV_reasoning": 0.16942235123260285,
    "REV_control": 0.11745272069893083
  },
  "cohens_d": {
    "AE": -7.629431999616699,
    "APE": 6.0391825734822095,
    "APL": 1.3904435743076138,
    "CUD": 0.0,
    "SIB": -2.8079746593529085,
    "FL": -10.058921070935517,
    "REV": -5.56502319815944
  },
  "auroc_REV": 0.0,
  "partial_corr": {
    "AE": {
      "r": -0.9818778382493055,
      "p": 5.850024584120432e-24
    },
    "APE": {
      "r": 0.9147571208049259,
      "p": 9.702463749712482e-14
    },
    "APL": {
      "r": 0.8826585846031944,
      "p": 1.0933515316952302e-11
    },
    "CUD": {
      "r": NaN,
      "p": NaN
    },
    "SIB": {
      "r": -0.46122781506966204,
      "p": 0.006901162371681148
    },
    "FL": {
      "r": -0.9616059669511083,
      "p": 5.757910066564415e-19
    },
    "REV": {
      "r": -0.8534134669892227,
      "p": 2.785101037994075e-10
    }
  }
}