{
  "5": {
    "acc": 0.0,
    "rev": -0.22604484567289634
  },
  "10": {
    "acc": 0.0,
    "rev": -0.22604484567289634
  },
  "20": {
    "acc": 0.0,
    "rev": -0.22604484567289634
  }
}