{
  "run_id": "20251021_180920_llama3-1b",
  "timestamp": "2025-10-21 18:09:21",
  "timestamp_unix": 1761070161,
  "config_hash": "b0e96792",
  "config": {
    "model_name": "meta-llama/Llama-3.2-1B",
    "device": "cuda",
    "dtype": "float16",
    "max_new_tokens": 128,
    "temperature": 0.0,
    "top_p": 1.0,
    "seed": 1337,
    "save_activations": true,
    "act_dir": "cache/activations",
    "trust_remote_code": true,
    "requires_auth": true,
    "batch_size": 1
  },
  "results": {
    "n_params": 1498789120,
    "n_reasoning": 15,
    "n_control": 5,
    "means": {
      "AE_reasoning": 1.6717896779634671,
      "AE_control": 4.842449494949494,
      "APE_reasoning": 0.06691673016830875,
      "APE_control": 0.03137860852432771,
      "APL_reasoning": 0.7583333333333333,
      "APL_control": 0.75,
      "CUD_reasoning": 0.8444444444444442,
      "CUD_control": 0.7416666666666667,
      "SIB_reasoning": 0.6838408181657987,
      "SIB_control": 0.0,
      "FL_reasoning": 0.29866107872313385,
      "FL_control": 0.33309456873421717,
      "REV_reasoning": 0.03113702142926856,
      "REV_control": -0.09341106428780571
    },
    "stds": {
      "AE_reasoning": 0.29424113278431796,
      "AE_control": 0.4380027429029772,
      "APE_reasoning": 0.011441843515669035,
      "APE_control": 0.0020315316931807624,
      "APL_reasoning": 0.02199161095465615,
      "APL_control": 0.0,
      "CUD_reasoning": 0.08253586682266875,
      "CUD_control": 0.061801654059130545,
      "SIB_reasoning": 0.4281571639579065,
      "SIB_control": 0.0,
      "FL_reasoning": 0.008793922253102104,
      "FL_control": 0.0035336361847290326,
      "REV_reasoning": 0.3810868953245341,
      "REV_control": 0.1549073035902384
    },
    "cohens_d": {
      "AE": -8.497890283513769,
      "APE": 4.32487523181914,
      "APL": 0.535891301645665,
      "CUD": 1.4096608094570178,
      "SIB": 2.2587429125662477,
      "FL": -5.138192295686095,
      "REV": 0.4281754128934874
    },
    "auroc_REV": 0.6133333333333333,
    "dataset_metrics": {},
    "partial_corr": {
      "AE": {
        "r": -0.9741081705612871,
        "p": 9.364178656646138e-12
      },
      "APE": {
        "r": 0.8397048352514149,
        "p": 1.3082878196127702e-05
      },
      "APL": {
        "r": 0.17363681373260198,
        "p": 0.49078902452160755
      },
      "CUD": {
        "r": 0.48007273203500217,
        "p": 0.043765855485961236
      },
      "SIB": {
        "r": 0.6781188196901936,
        "p": 0.0019809677104021335
      },
      "FL": {
        "r": -0.9049690665547306,
        "p": 2.473389310666043e-07
      },
      "REV": {
        "r": 0.15218025650313222,
        "p": 0.546626699970346
      }
    },
    "baseline_comparison": {
      "auroc_baseline": 0.6533333333333333,
      "auroc_rev": 0.6133333333333333,
      "auroc_combined": 0.7466666666666668,
      "delta_auc": 0.09333333333333349,
      "n_samples": 20,
      "baseline_features": [
        "token_len",
        "avg_logprob",
        "perplexity",
        "cot_len"
      ],
      "feature_importances": {
        "baseline": [
          -0.6200920294747735,
          0.09986318984489889,
          0.18268860798148903,
          0.2828155175986995
        ],
        "combined": [
          -0.6595319158674962,
          0.13675762129536345,
          0.17675747191984292,
          0.34130454981404845,
          0.3880546713977073
        ]
      },
      "roc_data": {
        "baseline": {
          "fpr": 