{
  "run_id": "20251021_184949_llama3-1b",
  "timestamp": "2025-10-21 18:49:50",
  "timestamp_unix": 1761072590,
  "config_hash": "b0e96792",
  "config": {
    "model_name": "meta-llama/Llama-3.2-1B",
    "device": "cuda",
    "dtype": "float16",
    "max_new_tokens": 128,
    "temperature": 0.0,
    "top_p": 1.0,
    "seed": 1337,
    "save_activations": true,
    "act_dir": "cache/activations",
    "trust_remote_code": true,
    "requires_auth": true,
    "batch_size": 1
  },
  "results": {
    "n_params": 1498789120,
    "n_reasoning": 15,
    "n_control": 5,
    "means": {
      "AE_reasoning": 1.6717896779634671,
      "AE_control": 4.842449494949494,
      "APE_reasoning": 0.06691673016830875,
      "APE_control": 0.03137860852432771,
      "APL_reasoning": 0.7583333333333333,
      "APL_control": 0.75,
      "CUD_reasoning": 0.8444444444444442,
      "CUD_control": 0.7416666666666667,
      "SIB_reasoning": 0.6838408181657987,
      "SIB_control": 0.0,
      "FL_reasoning": 0.29866107872313385,
      "FL_control": 0.33309456873421717,
      "REV_reasoning": 0.35349577627113526,
      "REV_control": -1.0604873288134056
    },
    "stds": {
      "AE_reasoning": 0.29424113278431796,
      "AE_control": 0.4380027429029772,
      "APE_reasoning": 0.011441843515669035,
      "APE_control": 0.0020315316931807624,
      "APL_reasoning": 0.02199161095465615,
      "APL_control": 0.0,
      "CUD_reasoning": 0.08253586682266875,
      "CUD_control": 0.061801654059130545,
      "SIB_reasoning": 0.4281571639579065,
      "SIB_control": 0.0,
      "FL_reasoning": 0.008793922253102104,
      "FL_control": 0.0035336361847290326,
      "REV_reasoning": 0.473217994456895,
      "REV_control": 0.1254884231630716
    },
    "cohens_d": {
      "AE": -8.497890283513769,
      "APE": 4.32487523181914,
      "APL": 0.535891301645665,
      "CUD": 1.4096608094570178,
      "SIB": 2.2587429125662477,
      "FL": -5.138192295686095,
      "REV": 4.084519289163824
    },
    "auroc_REV": 1.0,
    "dataset_metrics": {},
    "partial_corr": {
      "AE": {
        "r": -0.9741081705612871,
        "p": 9.364178656646138e-12
      },
      "APE": {
        "r": 0.8397048352514149,
        "p": 1.3082878196127702e-05
      },
      "APL": {
        "r": 0.17363681373260198,
        "p": 0.49078902452160755
      },
      "CUD": {
        "r": 0.48007273203500217,
        "p": 0.043765855485961236
      },
      "SIB": {
        "r": 0.6781188196901936,
        "p": 0.0019809677104021335
      },
      "FL": {
        "r": -0.9049690665547306,
        "p": 2.473389310666043e-07
      },
      "REV": {
        "r": 0.8440297663742306,
        "p": 1.0663985693431773e-05
      }
    },
    "baseline_comparison": {
      "auroc_baseline": 0.6533333333333333,
      "auroc_rev": 1.0,
      "auroc_combined": 1.0,
      "delta_auc": 0.3466666666666667,
      "n_samples": 20,
      "baseline_features": [
        "token_len",
        "avg_logprob",
        "perplexity",
        "cot_len"
      ],
      "feature_importances": {
        "baseline": [
          -0.6200920294747735,
          0.09986318984489889,
          0.18268860798148903,
          0.2828155175986995
        ],
        "combined": [
          -0.4696703267448765,
          0.1551600360054146,
          0.0013115826659491733,
          0.2498808342274183,
          1.789195071251117
        ]
      },
      "roc_data": {
        "baseline": {
          "fpr": [
            0.0,
            0.0,
            0.0,
            0.2,
            0.2,
            0.4,
            0.4,
            0.8,
            0.8,
            1.0,
            1.0
          ],
          "tpr": [
            0.0,
            0.06666666666666667,
            0.4666666666666667,
            0.4666666666666667,
            0.5333333333333333,
            0.5333333333333333,
            0.7333333333333333,
            0.7333333333333333,
            0.8,
            0.8,
            1.0
          ],
          "thresholds": [
            Infinity,
            0.9568801009759969,
            0.7979277581954067,
            0.7554574947589069,
            0.7480599368467951,
            0.7061691308289043,
            0.6833005283140352,
            0.6632479750350494,
            0.6567081106604821,
            0.6498104766737282,
            0.5924971865324825
          ]
        },
        "rev": {
          "fpr": [
            0.0,
            0.0,
            0.0,
            1.0
          ],
          "tpr": [
            0.0,
            0.06666666666666667,
            1.0,
            1.0
          ],
          "thresholds": [
            Infinity,
            0.9064548741580888,
            -0.4722138105762408,
            -1.194433173400695
          ]
        },
        "combined": {
          "fpr": [
            0.0,
            0.0,
            0.0,
            1.0
          ],
          "tpr": [
            0.0,
            0.06666666666666667,
            1.0,
            1.0
          ],
          "thresholds": [
            Infinity,
            0.9854970399136767,
            0.6759293145571581,
            0.1960251361307573
          ]
        }
      }
    }
  },
  "system_info": {
    "python_version": "3.10.18 (main, Jun  4 2025, 08:56:00) [GCC 13.3.0]",
    "platform": "Linux-6.8.0-60-generic-x86_64-with-glibc2.39",
    "torch_version": "2.2.2+cu121"
  },
  "gpu_info": {
    "gpu_available": true,
    "gpu_name": "NVIDIA GeForce RTX 4090",
    "gpu_memory_gb": 25.25,
    "gpu_count": 1,
    "cuda_version": "12.1"
  },
  "git_info": {
    "commit_hash": "e2cb47b13e392efce5e1cb6116e8f6b212e7d584",
    "has_uncommitted_changes": true
  }
}