{
  "run_id": "20251021_173145_pythia-410m",
  "timestamp": "2025-10-21 17:31:46",
  "timestamp_unix": 1761067906,
  "config_hash": "c4c1e369",
  "config": {
    "model_name": "EleutherAI/pythia-410m-deduped",
    "device": "cuda",
    "dtype": "float16",
    "max_new_tokens": 128,
    "temperature": 0.0,
    "top_p": 1.0,
    "seed": 1337,
    "save_activations": true,
    "act_dir": "cache/activations"
  },
  "results": {
    "n_params": 405283968,
    "n_reasoning": 205,
    "n_control": 5,
    "means": {
      "AE_reasoning": 1.0593730315221128,
      "AE_control": 3.3635183566433566,
      "APE_reasoning": 0.22583898685702972,
      "APE_control": 0.11956575201199844,
      "APL_reasoning": 0.7918699186991872,
      "APL_control": 0.7916666666666666,
      "CUD_reasoning": 0.6804878048780488,
      "CUD_control": 0.36666666666666664,
      "SIB_reasoning": 0.9136485384298475,
      "SIB_control": 0.0,
      "FL_reasoning": 0.46413763547689557,
      "FL_control": 0.596571446131993,
      "REV_reasoning": -0.0031548625730543176,
      "REV_control": 0.1293493654949769
    },
    "stds": {
      "AE_reasoning": 0.08620573086319319,
      "AE_control": 0.42764356285685196,
      "APE_reasoning": 0.023363908886619583,
      "APE_control": 0.005578791986754077,
      "APL_reasoning": 0.0029101262323732477,
      "APL_control": 0.0,
      "CUD_reasoning": 0.07480024588262511,
      "CUD_control": 0.06180165405913052,
      "SIB_reasoning": 0.218533796607177,
      "SIB_control": 0.0,
      "FL_reasoning": 0.01345176751845161,
      "FL_control": 0.01504330628962734,
      "REV_reasoning": 0.26615988642237337,
      "REV_control": 0.24762468155744127
    },
    "cohens_d": {
      "AE": -7.469534760479124,
      "APE": 6.256807789362499,
      "APL": 0.09877295966508477,
      "CUD": 4.574020129550918,
      "SIB": 5.912559861907472,
      "FL": -9.280742717784415,
      "REV": -0.515461520453508
    },
    "auroc_REV": 0.28780487804878047,
    "dataset_metrics": {},
    "partial_corr": {
      "AE": {
        "r": -0.9600662162009161,
        "p": 6.367299109580395e-116
      },
      "APE": {
        "r": 0.6188712429884567,
        "p": 2.2327102632475405e-23
      },
      "APL": {
        "r": 0.003231827876103688,
        "p": 0.9630477715110448
      },
      "CUD": {
        "r": 0.5482306023423644,
        "p": 1.0239712074776988e-17
      },
      "SIB": {
        "r": 0.5303355348082718,
        "p": 1.7454432210549205e-16
      },
      "FL": {
        "r": -0.8346827332604285,
        "p": 2.8550269124597968e-55
      },
      "REV": {
        "r": -0.11684978425657644,
        "p": 0.09279425605902823
      }
    },
    "baseline_comparison": {
      "auroc_baseline": 0.775609756097561,
      "auroc_rev": 0.28780487804878047,
      "auroc_combined": 0.8819512195121951,
      "delta_auc": 0.10634146341463413,
      "n_samples": 210,
      "baseline_features": [
        "token_len",
        "avg_logprob",
        "perplexity",
        "cot_len"
      ],
      "feature_importances": {
        "baseline": [
          0.5313773590817223,
          0.08827375478930935,
          -0.4693257450515128,
          0.5733269223476128
        ],
        "combined": [
          0.6418084911539617,
          0.1495550134086012,
          -0.49161614401433934,
          0.5262246696681596,
          -0.38024102759204154
        ]
      },
      "roc_data": {
        "baseline": {
          "fpr": 