{
  "AE": {
    "r": 0.6303919171187816,
    "p": 1.572346909981966e-06
  },
  "APE": {
    "r": -0.9999985617378294,
    "p": 4.189475727042889e-129
  },
  "APL": {
    "r": NaN,
    "p": NaN
  },
  "CUD": {
    "r": NaN,
    "p": NaN
  },
  "SIB": {
    "r": -0.9999744123791006,
    "p": 2.379368274951221e-100
  },
  "FL": {
    "r": 0.9999996181099767,
    "p": 2.379416012354071e-142
  },
  "REV": {
    "r": 0.8786688652047024,
    "p": 2.2472947876577707e-16
  }
}