{
  "AE": {
    "r": 0.9937543608385749,
    "p": 1.8260992918440193e-45
  },
  "APE": {
    "r": -0.9999998909471087,
    "p": 7.203535098877978e-155
  },
  "APL": {
    "r": 0.9989568179761664,
    "p": 2.566823930219406e-63
  },
  "CUD": {
    "r": -0.9936707516326653,
    "p": 2.477257871094722e-45
  },
  "SIB": {
    "r": -0.9999954518782525,
    "p": 1.3243659073409435e-117
  },
  "FL": {
    "r": 0.9999996093989437,
    "p": 3.997216354165775e-142
  },
  "REV": {
    "r": -0.9973209399664043,
    "p": 6.656015944638912e-54
  }
}