{
  "n_params": 405283968,
  "accuracy": 0.0,
  "n_reasoning": 0,
  "n_control": 50,
  "means": {
    "AE_reasoning": NaN,
    "AE_control": 1.3288905691411443,
    "APE_reasoning": NaN,
    "APE_control": 0.20909775673178135,
    "APL_reasoning": NaN,
    "APL_control": 0.7916666666666665,
    "CUD_reasoning": NaN,
    "CUD_control": 0.0,
    "SIB_reasoning": NaN,
    "SIB_control": 0.9732385817226618,
    "FL_reasoning": NaN,
    "FL_control": 0.48247226715087893,
    "REV_reasoning": NaN,
    "REV_control": 0.16666666666666566
  },
  "stds": {
    "AE_reasoning": NaN,
    "AE_control": 0.7148691061828291,
    "APE_reasoning": NaN,
    "APE_control": 0.04123433916061086,
    "APL_reasoning": NaN,
    "APL_control": 1.1214946133455537e-16,
    "CUD_reasoning": NaN,
    "CUD_control": 0.0,
    "SIB_reasoning": NaN,
    "SIB_control": 0.019725115732208552,
    "FL_reasoning": NaN,
    "FL_control": 0.04378857545851875,
    "REV_reasoning": NaN,
    "REV_control": 0.32271580716633647
  },
  "cohens_d": {
    "AE": NaN,
    "APE": NaN,
    "APL": NaN,
    "CUD": NaN,
    "SIB": NaN,
    "FL": NaN,
    "REV": NaN
  },
  "auroc_REV": NaN,
  "partial_corr": {
    "AE": {
      "r": 0.6303919171187816,
      "p": 1.572346909981966e-06
    },
    "APE": {
      "r": -0.9999985617378294,
      "p": 4.189475727042889e-129
    },
    "APL": {
      "r": NaN,
      "p": NaN
    },
    "CUD": {
      "r": NaN,
      "p": NaN
    },
    "SIB": {
      "r": -0.9999744123791006,
      "p": 2.379368274951221e-100
    },
    "FL": {
      "r": 0.9999996181099767,
      "p": 2.379416012354071e-142
    },
    "REV": {
      "r": 0.8786688652047024,
      "p": 2.2472947876577707e-16
    }
  }
}