{
  "auroc_baseline": 0.9333333333333333,
  "auroc_rev": 1.0,
  "auroc_combined": 1.0,
  "delta_auc": 0.06666666666666665,
  "n_samples": 20,
  "baseline_features": [
    "token_len",
    "avg_logprob",
    "perplexity",
    "cot_len"
  ],
  "feature_importances": {
    "baseline": [
      1.1271641383357105,
      0.14965036998104222,
      -0.10272261046093506,
      0.6542770382988993
    ],
    "combined": [
      0.45028520285190904,
      0.12251180339316373,
      -0.10574321554246661,
      0.3373157334178135,
      1.6624809994925438
    ]
  },
  "roc_data": {
    "baseline": {
      "fpr": [
        0.0,
        0.0,
        0.0,
        1.0,
        1.0
      ],
      "tpr": [
        0.0,
        0.06666666666666667,
        0.9333333333333333,
        0.9333333333333333,
        1.0
      ],
      "thresholds": [
        Infinity,
        0.963410138867586,
        0.7375563671020341,
        0.3212230649555294,
        0.23606117824105566
      ]
    },
    "rev": {
      "fpr": [
        0.0,
        0.0,
        0.0,
        1.0
      ],
      "tpr": [
        0.0,
        0.06666666666666667,
        1.0,
        1.0
      ],
      "thresholds": [
        Infinity,
        0.7294496385219832,
        -0.3051748569335205,
        -0.9946200787208946
      ]
    },
    "combined": {
      "fpr": [
        0.0,
        0.0,
        0.0,
        1.0
      ],
      "tpr": [
        0.0,
        0.06666666666666667,
        1.0,
        1.0
      ],
      "thresholds": [
        Infinity,
        0.9899297857490825,
        0.5507040265393405,
        0.1724965522518408
      ]
    }
  }
}