{
  "pythia-70m": {
    "n_params": 70463616,
    "n_reasoning": 15,
    "n_control": 5,
    "means": {
      "AE_reasoning": 0.8753529487412854,
      "AE_control": 2.346617132867133,
      "APE_reasoning": 0.3760601367960846,
      "APE_control": 0.21068026402953208,
      "APL_reasoning": 0.2333333333333333,
      "APL_control": 0.6333333333333333,
      "CUD_reasoning": 0.37037037037037035,
      "CUD_control": 0.711111111111111,
      "SIB_reasoning": 0.6937054053492722,
      "SIB_control": 0.0,
      "FL_reasoning": 0.4717096100054554,
      "FL_control": 0.5172221235795453,
      "REV_reasoning": -0.16908219890893159,
      "REV_control": 0.507246596726797
    },
    "stds": {
      "AE_reasoning": 0.20155788620662154,
      "AE_control": 0.3149760265901268,
      "APE_reasoning": 0.05817854536516255,
      "APE_control": 0.012167196419421846,
      "APL_reasoning": 0.22537446792760443,
      "APL_control": 0.18257418583505539,
      "CUD_reasoning": 0.10843334143872593,
      "CUD_control": 0.09938079899999067,
      "SIB_reasoning": 0.42336830291976835,
      "SIB_control": 0.0,
      "FL_reasoning": 0.015903448320561907,
      "FL_control": 0.010053095214174922,
      "REV_reasoning": 0.1811610989916167,
      "REV_control": 0.20013496647724804
    },
    "cohens_d": {
      "AE": -5.564126226235744,
      "APE": 3.934949114878356,
      "APL": -1.9503265328928026,
      "CUD": -3.2761766334148295,
      "SIB": 2.317243841285828,
      "FL": -3.421005423439211,
      "REV": -3.5431416341435242
    },
    "auroc_REV": 0.0,
    "dataset_metrics": {},
    "partial_corr": {
      "AE": {
        "r": -0.9347219352662747,
        "p": 1.3491955080376882e-08
      },
      "APE": {
        "r": 0.791996498195947,
        "p": 8.9582999496271e-05
      },
      "APL": {
        "r": -0.4742419146842957,
        "p": 0.04676889331745678
      },
      "CUD": {
        "r": -0.7834470468084161,
        "p": 0.00012009722453098874
      },
      "SIB": {
        "r": 0.5065159181244033,
        "p": 0.03194880056290359
      },
      "FL": {
        "r": -0.7559641917454711,
        "p": 0.00028424486330966243
      },
      "REV": {
        "r": -0.8279672659580725,
        "p": 2.2142109332230697e-05
      }
    },
    "baseline_comparison": {
      "auroc_baseline": 0.9333333333333333,
      "auroc_rev": 0.0,
      "auroc_combined": 1.0,
      "delta_auc": 0.06666666666666665,
      "n_samples": 20,
      "baseline_features": [
        "token_len",
        "avg_logprob",
        "perplexity",
        "cot_len"
      ],
      "feature_importances": {
        "baseline": [
          1.1271641383357105,
          0.14965036998104222,
          -0.10272261046093506,
          0.6542770382988993
        ],
        "combined": [
          0.5213632631952619,
          -0.15299556061897424,
          0.1457753782012104,
          0.2419980522250948,
          -1.6775397549447966
        ]
      },
      "roc_data": {
        "baseline": {
          "fpr": [
            0.0,
            0.0,
            0.0,
            1.0,
            1.0
          ],
          "tpr": [
            0.0,
            0.06666666666666667,
            0.9333333333333333,
            0.9333333333333333,
            1.0
          ],
          "thresholds": [
            Infinity,
            0.963410138867586,
            0.7375563671020341,
            0.3212230649555294,
            0.23606117824105566
          ]
        },
        "rev": {
          "fpr": [
            0.0,
            0.2,
            1.0,
            1.0
          ],
          "tpr": [
            0.0,
            0.0,
            0.0,
            1.0
          ],
          "thresholds": [
            Infinity,
            0.7041761937130288,
            0.29073726436816955,
            -0.5648585839947792
          ]
        },
        "combined": {
          "fpr": [
            0.0,
            0.0,
            0.0,
            1.0
          ],
          "tpr": [
            0.0,
            0.06666666666666667,
            1.0,
            1.0
          ],
          "thresholds": [
            Infinity,
            0.9882353696068644,
            0.6485247064300905,
            0.0997045645393957
          ]
        }
      }
    }
  },
  "pythia-410m": {
    "n_params": 405283968,
    "n_reasoning": 15,
    "n_control": 5,
    "means": {
      "AE_reasoning": 1.2068865843764838,
      "AE_control": 3.3635183566433566,
      "APE_reasoning": 0.20494669636905644,
      "APE_control": 0.11956575201199844,
      "APL_reasoning": 0.7916666666666665,
      "APL_control": 0.7916666666666666,
      "CUD_reasoning": 0.6527777777777779,
      "CUD_control": 0.36666666666666664,
      "SIB_reasoning": 0.6428057023911189,
      "SIB_control": 0.0,
      "FL_reasoning": 0.4829220164539631,
      "FL_control": 0.596571446131993,
      "REV_reasoning": 0.19763895102110726,
      "REV_control": 0.07374981360334498
    },
    "stds": {
      "AE_reasoning": 0.27328879148024626,
      "AE_control": 0.42764356285685196,
      "APE_reasoning": 0.03278742481749639,
      "APE_control": 0.005578791986754077,
      "APL_reasoning": 1.1491900087240784e-16,
      "APL_control": 0.0,
      "CUD_reasoning": 0.116439688500962,
      "CUD_control": 0.06180165405913052,
      "SIB_reasoning": 0.4707370222649855,
      "SIB_control": 0.0,
      "FL_reasoning": 0.03091169521995971,
      "FL_control": 0.01504330628962734,
      "REV_reasoning": 0.20274548087328237,
      "REV_control": 0.0978196926532459
    },
    "cohens_d": {
      "AE": -6.009618668456961,
      "APE": 3.630540342823852,
      "APL": -1.3662601021279464,
      "CUD": 3.0694054153129042,
      "SIB": 1.9311515757104754,
      "FL": -4.67524123672202,
      "REV": 0.7783121746389922
    },
    "auroc_REV": 0.7466666666666667,
    "dataset_metrics": {},
    "partial_corr": {
      "AE": {
        "r": -0.968517476127422,
        "p": 4.396229019657651e-11
      },
      "APE": {
        "r": 0.853253937583326,
        "p": 6.751491829965618e-06
      },
      "APL": {
        "r": -0.5737436145734994,
        "p": 0.012787252796609807
      },
      "CUD": {
        "r": 0.7785176340149828,
        "p": 0.00014139161855090656
      },
      "SIB": {
        "r": 0.5890002837761802,
        "p": 0.010113192375384474
      },
      "FL": {
        "r": -0.89897565520616,
        "p": 3.956806698599874e-07
      },
      "REV": {
        "r": 0.2423638656915279,
        "p": 0.3325481441837683
      }
    },
    "baseline_comparison": {
      "auroc_baseline": 0.6266666666666667,
      "auroc_rev": 0.7466666666666667,
      "auroc_combined": 0.6933333333333334,
      "delta_auc": 0.06666666666666665,
      "n_samples": 20,
      "baseline_features": [
        "token_len",
        "avg_logprob",
        "perplexity",
        "cot_len"
      ],
      "feature_importances": {
        "baseline": [
          0.21444733899872365,
          0.29700191325048614,
          -0.4069603280638604,
          0.30991563023792595
        ],
        "combined": [
          0.04499957381419679,
          0.3240503589754845,
          -0.34676980870994817,
          0.26357242069862086,
          0.4821084589965249
        ]
      },
      "roc_data": {
        "baseline": {
          "fpr": [
            0.0,
            0.0,
            0.0,
            0.2,
            0.2,
            0.4,
            0.4,
            0.6,
            0.6,
            0.8,
            0.8,
            1.0
          ],
          "tpr": [
            0.0,
            0.06666666666666667,
            0.4,
            0.4,
            0.4666666666666667,
            0.4666666666666667,
            0.5333333333333333,
            0.5333333333333333,
            0.7333333333333333,
            0.7333333333333333,
            1.0,
            1.0
          ],